id,twit
1,Just found a pot of gold at the end of the rainbow! ğŸŒˆğŸ’° #LuckyDay
2,I can't believe I saw a unicorn today! ğŸ¦„ğŸ˜± #MagicalMoments
3,Eating ice cream for breakfast because I'm an adult! ğŸ¦ğŸ¥ #NoRules
4,Just won the lottery! Time to quit my job and travel the world! âœˆï¸ğŸ’¼ #LuckyMe
5,Spent the day surfing with dolphins. Best day ever! ğŸ„ğŸ¬ #SurfingLife
6,Discovered a hidden treasure chest in my backyard. It's pirate time! â˜ ï¸ğŸ’ #TreasureHunt
7,I just met a talking parrot who taught me how to speak pirate. Arrr! ğŸ¦œğŸ´â€â˜ ï¸ #PirateLife
8,Visited the moon for my vacation. The view was out of this world! ğŸŒ•ğŸš€ #SpaceTravel
9,Woke up with superpowers today. I can fly! ğŸ¦¸â€â™‚ï¸âœˆï¸ #SuperheroLife
10,Invented a teleportation device. No more traffic jams for me! ğŸš—ğŸš€ #FutureTech
11,My pet hamster just won a marathon. He's a little champion! ğŸ¹ğŸ† #HamsterPower
12,I turned my pet goldfish into a real goldfish! ğŸŸğŸ’° #MagicalExperiment
13,I built a time machine  and I'm going back to the dinosaurs. Rawr! ğŸ¦–ğŸ•°ï¸ #TimeTravel
14,I can communicate with aliens. They're friendly and love pizza! ğŸ‘½ğŸ• #FirstContact
15,Just climbed Mount Everest in my pajamas. No big deal! ğŸ”ï¸ğŸ‘– #MountainClimbing
16,I'm the world champion of underwater basket weaving. Skills! ğŸ†ğŸŒŠ #AquaticArt
17,My pet turtle won a racing competition. Slow and steady wins the race! ğŸ¢ğŸ #TurtlePower
18,I can speak to plants  and they told me their secrets. ğŸŒ±ğŸ¤« #GreenThumb
19,I became a mermaid for a day and explored the ocean depths. ğŸ§œâ€â™€ï¸ğŸŒŠ #UnderTheSea
20,My garden gnome came to life and started a dance party. ğŸ’ƒğŸ•ºğŸ‰ #GardenMagic
